Date,World Equities,US Treasuries,High Yield ,Inflation Protection,Currency Protection,Regime-5,Regime-7,US Equities,Real Estate,Commodities,Corp Bonds
Jan-85,0.028511,0.0315,0.037908,-0.016265,0.030292,1,1,0.081301,0.056605,0.021351,0.048963
Feb-85,-0.009204,-0.044692,0.012689,0.006362,0.010258,1,1,0.030075,0.016448,-0.015217,-0.042029
Mar-85,0.075134,0.028719,0.004323,-0.002848,-0.020739,1,1,-0.007299,-0.006716,0.037171,0.032666
Apr-85,-0.002459,0.023084,0.018215,0.003089,0.008187,1,1,-0.012255,0.000906,-0.035116,0.037125
May-85,0.040245,0.08678,0.042363,0.004077,-0.002219,1,1,0.064516,0.027241,0.004351,0.104199
Jun-85,0.022419,0.014284,0.012712,0.02761,-0.017278,1,1,0.020979,0.023207,-0.046275,0.012482
Jul-85,0.04848,-0.014958,0.008399,-0.010178,0.000007,1,1,0.004566,0.009221,-0.00624,-0.006449
Aug-85,0.027709,0.021934,0.020119,0.016312,0.011122,1,1,-0.009091,-0.054684,0.014064,0.037397
Sep-85,0.048713,0.002172,0.009599,-0.004868,-0.034424,1,1,-0.027523,-0.031145,0.060092,0.000941
Oct-85,0.058439,0.033903,0.002563,0.026578,-0.007977,1,1,0.037736,0.031415,0.075345,0.03784
Nov-85,0.044028,0.044784,0.024928,0.018646,0.001869,1,1,0.054545,-0.016072,0.013692,0.039552
Dec-85,0.043064,0.055787,0.037576,0.002057,-0.000919,1,1,0.053879,0.006132,-0.020173,0.049738
Jan-86,0.023523,0.001901,0.013204,0.00114,-0.021601,1,1,0.018405,0.038663,-0.11485,0.011088
Feb-86,0.103886,0.10214,0.038498,-0.03839,-0.010092,1,1,0.062249,0.037841,-0.026356,0.070921
Mar-86,0.135545,0.090884,0.038398,-0.059908,-0.00351,1,1,0.045369,0.024605,0.01838,0.035323
Apr-86,0.061881,-0.006375,0.015905,-0.001805,-0.014358,1,1,0.001808,0.005987,0.040201,0.0078
May-86,-0.041809,-0.060598,0.011,0.064318,0.008304,1,1,0.045126,-0.005707,-0.030005,-0.015738
Jun-86,0.062988,0.065386,0.011101,-0.02296,-0.013943,1,1,0.025907,0.035197,0.034614,0.027015
Jul-86,0.056267,-0.003364,-0.010003,-0.023097,-0.008904,1,1,-0.06734,0.004531,0.028016,0.006459
Aug-86,0.09719,0.042794,0.015401,0.004634,0.004684,1,1,0.070397,0.041686,0.075423,0.029238
Sep-86,-0.008612,-0.03884,0.011997,0.038342,0.004889,1,1,-0.072513,-0.023978,-0.019335,-0.004046
Oct-86,-0.063019,0.019506,0.023202,-0.022404,0.014258,1,1,0.047273,0.036946,0.007634,0.023714
Nov-86,0.056102,0.019506,-0.002698,-0.014355,0.000906,1,1,0.008681,-0.005541,0.039677,0.020249
Dec-86,0.051167,-0.002445,-0.002903,0.003733,-0.025318,1,1,-0.024096,-0.010529,-0.019388,0.012583
Jan-87,0.108203,0.01679,0.0414,0.026108,-0.005212,1,1,0.13933,0.021365,0.050863,0.03038
Feb-87,0.031426,0.015549,0.0212,0.037493,-0.000856,1,1,0.037152,0.030648,-0.05544,0.008332
Mar-87,0.084565,-0.031571,0.006903,0.07142,-0.012782,1,1,0.026866,0.001829,0.08456,-0.005509
Apr-87,0.099715,-0.03548,-0.034799,0.040167,-0.001203,1,1,-0.018895,-0.02711,0.05086,-0.045337
May-87,-0.000571,-0.012897,0.007196,0.033259,0.015859,1,1,0.005926,-0.009524,0.047262,-0.006359
Jun-87,-0.028603,0.01165,0.012801,0.020447,0.016914,1,1,0.04271,0.019903,0.037225,0.020358
Jul-87,0.004196,-0.019659,0.002704,0.026326,0.000571,1,1,0.045198,0.000979,0.057272,-0.003802
Aug-87,0.071292,-0.013044,0.0062,0.019145,-0.011345,1,1,0.024324,-0.018997,-0.038489,-0.00783
Sep-87,-0.014865,-0.042215,-0.031505,0.001029,0.00161,-1,-1,0.009235,-0.020524,0.017791,-0.03938
Oct-87,-0.145045,0.068928,-0.032698,-0.010618,-0.025647,-1,-1,-0.227451,-0.142819,-0.013019,0.047145
Nov-87,0.007757,0.001092,0.028798,-0.019806,-0.013928,-1,-1,-0.079526,0.009546,0.013652,0.014863
Dec-87,0.030661,0.017579,0.024104,-0.028017,0.007859,1,1,0.066176,0.035518,-0.027027,0.026261
Jan-88,0.015719,0.062606,0.033399,-0.031747,0.011441,1,1,0.039655,0.082366,0.025065,0.054054
Feb-88,0.066428,0.01157,0.032397,-0.010081,-0.008198,1,1,0.056385,0.024088,-0.017153,0.018638
Mar-88,0.061226,-0.029151,-0.010401,0.002908,-0.004766,1,1,-0.015699,0.002007,0.058485,-0.011634
Apr-88,0.014342,-0.021387,0.007603,0.015392,0.007316,1,1,0.011164,0.008221,0.006139,-0.009595
May-88,-0.031931,-0.008581,0.001499,0.012637,0.018525,1,1,0.01735,-0.011445,0.063023,-0.007383
Jun-88,-0.022423,0.036553,0.014601,-0.026705,0.027226,1,1,0.031008,0.025898,-0.027962,0.032619
Jul-88,0.029452,-0.018803,0.006601,-0.001961,0.014282,1,1,-0.001504,0.012632,0.008352,-0.003057
Aug-88,-0.064325,0.003306,-0.001503,-0.007301,0.004691,1,1,-0.039157,-0.006348,-0.009705,0.00571
Sep-88,0.042613,0.036248,0.012603,-0.010046,-0.016233,1,1,0.045455,-0.003428,-0.034215,0.029122
Oct-88,0.083755,0.029857,0.012098,0.005182,-0.01578,1,1,0.02099,-0.007428,0.051347,0.023428
Nov-88,0.057498,-0.020128,0.0059,0.008488,0.003242,1,1,-0.017621,-0.016013,0.06939,-0.01281
Dec-88,0.006279,0.01173,0.004701,0.001454,0.021823,1,1,0.022422,0.001209,0.064265,0.00364
Jan-89,0.02009,0.022553,0.017599,-0.005488,0.00609,1,1,0.068713,0.004579,0.011989,0.020358
Feb-89,0.004121,-0.020081,0.002202,-0.006118,0.016181,1,1,-0.02052,-0.016532,0.037636,-0.009295
Mar-89,-0.018123,0.009786,-0.007801,0.005241,0.008199,1,1,0.032123,-0.000274,0.057366,0.005123
Apr-89,0.009946,0.022175,0.004202,-0.036155,0.024571,1,1,0.043302,0.016731,0.048986,0.021659
May-89,-0.052117,0.039262,0.019399,0.01023,0.024168,1,1,0.045396,0.023771,-0.023663,0.042002
Jun-89,-0.014679,0.058009,0.012399,-0.038493,-0.009607,1,1,-0.007444,0.008725,0.032658,0.038325
Jul-89,0.123472,0.022875,-0.001298,-0.027365,0.013357,1,1,0.07125,0.023781,-0.033742,0.03175
Aug-89,-0.042253,-0.02633,0.0034,-0.008268,0.016852,1,1,0.032672,0.00098,0.040655,-0.015453
Sep-89,0.043313,0.003157,-0.0168,-0.012176,-0.00691,1,1,-0.00226,-0.011828,0.059497,0.001071
Oct-89,-0.038112,0.040918,-0.0237,0.00204,0.006406,1,1,-0.030578,-0.041319,0.005727,0.031707
Nov-89,0.04918,0.00834,-0.001999,0.004207,0.003107,1,1,0.024533,-0.01354,0.015049,0.008736
Dec-89,0.036733,-0.001838,0.0016,-0.002207,0.007533,1,1,0.007982,-0.011379,0.08277,-0.000362
Jan-90,-0.03838,-0.035083,-0.021504,0.051219,0.014097,1,1,-0.072398,-0.022299,-0.005709,-0.013901
Feb-90,-0.067558,-0.005122,-0.020597,0.006133,0.02575,1,1,0.018293,-0.034297,-0.017386,-0.002196
Mar-90,-0.099312,-0.001615,0.026198,0.009048,0.006024,1,1,0.016766,0.001661,0.033061,0.00501
Apr-90,-0.011043,-0.02356,-0.001701,-0.022093,-0.005887,1,1,-0.020024,-0.015353,-0.008433,-0.013603
May-90,0.112225,0.044219,0.019301,0.007338,0.003603,1,1,0.092548,-0.000319,-0.021393,0.053778
Jun-90,-0.008631,0.023107,0.024202,0.005243,-0.015491,1,-1,-0.006601,0.007628,-0.01085,0.010339
Jul-90,0.014764,0.010178,0.026899,0.008549,-0.014924,1,-1,-0.015504,-0.017987,0.094352,0.019161
Aug-90,-0.094435,-0.04246,-0.056899,0.045341,-0.007139,1,-1,-0.092238,-0.06107,0.150793,-0.024782
Sep-90,-0.134732,0.012777,-0.073001,0.034766,-0.016493,1,-1,-0.02974,-0.069307,0.185198,0.013193
Oct-90,0.146651,0.023599,-0.0525,0.007901,0.001829,1,-1,-0.030651,-0.035022,-0.022631,0.004576
Nov-90,-0.055239,0.040116,0.031201,-0.01113,0.017587,1,1,0.067194,0.06369,-0.083754,0.019826
Dec-90,0.017532,0.020353,0.005599,-0.00031,0.005381,1,1,0.023457,0.000385,-0.003184,0.017807
Jan-91,0.030861,0.011704,0.027503,-0.010295,-0.005252,1,1,0.049457,0.087627,-0.099607,0.025059
Feb-91,0.105555,0.002161,0.109398,-0.014219,0.037933,1,1,0.086207,0.049184,0.026383,0.005227
Mar-91,-0.057533,0.004043,0.058897,0.011089,0.015971,1,1,0.013757,0.076228,0.025616,0.021892
Apr-91,0.010216,0.01445,0.041004,-0.001103,0.007086,1,1,0.022965,0.023763,0.037075,0.018602
May-91,0.012296,-0.001323,0.001801,0.019855,0.01566,1,1,0.026531,0.023599,-0.007,0.006875
Jun-91,-0.07068,-0.005961,0.029596,0.006645,0.00196,1,1,-0.027833,-0.025924,-0.0214,-0.000552
Jul-91,0.047698,0.015326,0.032,-0.010882,-0.006743,1,1,0.029652,0.019291,0.041077,0.017228
Aug-91,-0.019097,0.03277,0.023004,-0.035015,-0.010188,1,1,0.028798,0.000602,0.021005,0.028957
Sep-91,0.053019,0.032578,0.013897,-0.016519,-0.000241,1,1,-0.008687,0.019315,0.008108,0.026823
Oct-91,0.015875,0.000821,0.033402,-0.035574,-0.008374,1,1,0.012658,-0.006179,0.037293,0.009773
Nov-91,-0.04516,0.00619,0.005201,0.027675,-0.004654,1,1,-0.022115,0.000238,-0.058288,0.012336
Dec-91,0.049315,0.059686,0.014397,0.022864,0.003807,1,1,0.094395,0.04731,-0.061158,0.039825
Jan-92,-0.019402,-0.031026,0.035202,0.021333,0.016602,1,1,0,0.049501,0.03111,-0.015114
Feb-92,-0.034484,0.005833,0.024699,0.03725,0.022385,1,1,0.012579,-0.023214,-0.023654,0.011639
Mar-92,-0.065118,-0.011203,0.012399,0.071253,0.00113,1,1,-0.024845,-0.014879,0.030555,0.000481
Apr-92,0.003983,0.000718,0.003802,-0.00058,-0.00436,1,1,0.009099,0.002246,0.023131,0.005063
May-92,0.064533,0.025832,0.0141,-0.024409,-0.010927,1,1,0.014427,0.032194,0.024252,0.018287
Jun-92,-0.045005,0.014885,0.009398,-0.02996,-0.012352,1,1,-0.014222,-0.012121,-0.004134,0.025134
Jul-92,-0.023205,0.040628,0.015101,0.014853,-0.002446,1,1,0.03156,0.033843,-0.020552,0.029707
Aug-92,0.058813,0.008207,0.013096,-0.010412,0.010048,1,1,-0.019231,-0.008644,0.010286,0.012789
Sep-92,-0.021959,0.014781,0.010179,0.007614,0.0218,1,1,0.003565,0.023854,0.012543,0.018439
Oct-92,-0.049167,-0.02068,-0.01408,0.072717,0.033939,1,1,0.024867,-0.003281,-0.018662,-0.028358
Nov-92,0.00726,0.00393,0.012571,0.034166,0.008628,1,1,0.032929,0.019471,-0.031313,0.002997
Dec-92,0.006219,0.026814,0.011416,0.001262,0.014254,1,1,0.017617,0.019322,0.012566,0.020931
Jan-93,-0.000363,0.030769,0.029088,-0.020057,0.00661,1,1,0.02061,0.063691,0.012619,0.029088
Feb-93,0.031723,0.04027,0.017644,-0.015876,-0.001661,1,1,-0.005654,0.047126,0.010316,0.031439
Mar-93,0.085248,-0.008575,0.01285,-0.015815,-0.010932,1,1,0.023558,0.069436,0.023566,-0.002132
Apr-93,0.093006,0.011492,0.008744,0.012304,0.004455,1,1,-0.019048,-0.044077,-0.010415,0.009913
May-93,0.021778,0.013291,0.011875,0.024463,0.010386,1,1,0.033172,-0.012208,-0.028871,0.008466
Jun-93,-0.015033,0.030775,0.020972,-0.028363,0.016244,1,1,-0.003915,0.029347,-0.035169,0.022461
Jul-93,0.033995,0.016554,0.009669,0.012524,0.002125,1,1,0.005503,0.016882,-0.00099,0.007408
Aug-93,0.051768,0.03946,0.00844,-0.02294,0.001881,1,1,0.035184,0.023987,-0.004954,0.029128
Sep-93,-0.023216,0.010299,0.002581,0.016206,0.012535,1,1,0.004532,0.04562,0.01091,0.007585
Oct-93,0.033563,-0.006889,0.020242,-0.015442,0.014194,1,1,0.015789,-0.012592,-0.026294,-0.004865
Nov-93,-0.084719,-0.015655,0.004803,0.0102,0.009767,1,1,-0.015544,-0.047299,-0.056032,-0.006901
Dec-93,0.07182,0.000812,0.012442,0.003114,0.032793,1,1,0.010526,-0.00027,-0.016354,0.005317
Jan-94,0.083301,0.015921,0.02171,-0.024079,0.000913,1,1,0.032738,0.029905,0.096012,0.017893
Feb-94,-0.004333,-0.045547,-0.002618,0.006808,0.005754,1,1,-0.024496,0.034432,-0.040883,-0.031229
Mar-94,-0.042824,-0.031459,-0.037766,0.028766,0.007286,1,1,-0.04062,-0.040264,-0.01176,-0.027546
Apr-94,0.040683,-0.011795,-0.00684,-0.010158,0.00074,1,1,0.015396,0.016222,0.025032,-0.011289
May-94,-0.005036,-0.002362,0.000508,-0.016539,0.003213,1,1,0.006823,0.020327,0.009252,-0.000349
Jun-94,0.011742,-0.012639,0.00308,-0.006272,-0.012716,1,1,-0.024849,-0.021705,0.034422,-0.005575
Jul-94,0.011209,0.03054,0.008488,0.00152,-0.000072,1,1,0.030888,-0.002535,0.022838,0.027176
Aug-94,0.025174,-0.006248,0.007084,0.010252,-0.00919,1,1,0.032959,0.00555,-0.074648,0.002492
Sep-94,-0.028969,-0.030353,0.000065,0.003042,-0.00514,1,1,-0.016679,-0.020317,-0.010669,-0.021832
Oct-94,0.031712,-0.013276,0.002354,-0.037237,0.004749,1,1,0.011062,-0.037097,0.013605,-0.009015
Nov-94,-0.048376,0.013471,-0.012599,-0.012308,0.023053,1,1,-0.039387,-0.032501,-0.045991,0.002676
Dec-94,0.007013,0.017494,0.007368,-0.03263,0.022221,1,1,0.024298,0.061737,0.039583,0.011493
Jan-95,-0.039228,0.024389,0.013565,0.012192,-0.004885,1,1,0.022239,-0.014847,-0.023908,0.022759
Feb-95,-0.000434,0.029319,0.034285,-0.030633,-0.0095,1,1,0.036258,0.03246,0.002221,0.036019
Mar-95,0.061949,0.009043,0.01076,-0.022676,-0.02792,1,1,0.030791,-0.005961,0.019558,0.009374
Apr-95,0.037154,0.015716,0.025432,0.001248,-0.000132,1,1,0.022403,0.002259,0.038085,0.019049
May-95,-0.009769,0.086505,0.028034,-0.045282,0.001917,1,1,0.036521,0.045025,-0.009417,0.06244
Jun-95,-0.015972,0.005325,0.006367,-0.014022,0.000393,1,1,0.033312,0.017735,-0.025919,0.00354
Jul-95,0.060827,-0.023173,0.012628,-0.012732,0.023667,1,1,0.032858,0.015633,0.016927,-0.008854
Aug-95,-0.036476,0.036396,0.003115,-0.018648,0.01472,1,1,0.018007,0.014878,0.038333,0.026305
Sep-95,0.018887,0.010245,0.012298,-0.012769,-0.001951,1,1,0.028302,0.018302,0.007723,0.009764
Oct-95,-0.02593,0.03364,0.00617,-0.006521,0.013045,1,1,0.000573,-0.018397,0.002321,0.018758
Nov-95,0.028449,0.02496,0.00882,-0.025883,0.007204,1,1,0.039542,0.010031,0.034354,0.021416
Dec-95,0.039386,0.022057,0.015712,0.001712,0.009241,1,1,0.014333,0.054862,0.091824,0.01543
Jan-96,0.006109,-0.003994,0.017615,0.00553,0.001651,1,1,0.032065,0.019152,-0.01101,0.005639
Feb-96,0.003166,-0.034473,0.000787,0.023754,-0.000089,1,1,0.014745,0.007706,0.03843,-0.016901
Mar-96,0.021435,-0.027377,-0.000688,0.028375,0.002998,1,1,0.01972,-0.001439,0.090747,-0.016218
Apr-96,0.029789,-0.0209,0.002209,0.00336,0.004783,1,1,0.016285,0.003254,0.04769,-0.011846
May-96,-0.016835,-0.002795,0.006019,0.022482,0.004716,1,1,0.022033,0.02714,-0.012429,-0.001671
Jun-96,0.004589,0.020465,0.008274,-0.008532,-0.001334,1,1,0.00245,0.013781,0.045612,0.016564
Jul-96,-0.029022,0.014583,0.004644,0.009979,-0.004323,1,1,-0.046432,0.00861,-0.032237,0.013303
Aug-96,0.004059,-0.026517,0.010816,0.001411,0.005477,1,1,0.015377,0.040686,0.010783,-0.014219
Sep-96,0.027345,0.034512,0.024082,-0.001955,0.004609,1,1,0.054013,0.017391,0.031039,0.029003
Oct-96,-0.006421,0.030355,0.007692,-0.003528,-0.003905,1,1,0.011973,0.032083,-0.003779,0.025354
Nov-96,0.041486,0.035664,0.019721,0.00575,0.010932,1,1,0.068623,0.045499,0.089189,0.025159
Dec-96,-0.013624,-0.024337,0.007175,0.02747,0.01082,1,1,-0.011957,0.099645,0.009743,-0.015627
Jan-97,-0.030926,-0.005966,0.009757,-0.018315,0.018516,1,1,0.054236,0.011132,-0.019516,0.001604
Feb-97,0.015403,-0.001101,0.016536,0.005344,0.007884,1,1,0.003401,0.00086,-0.063896,0.004747
Mar-97,0.001262,-0.02296,-0.014892,-0.004654,0.007768,1,1,-0.047458,-0.009247,0.010861,-0.015612
Apr-97,0.006388,0.025161,0.010547,-0.008277,-0.009769,1,1,0.041815,-0.0228,0.028961,0.017306
May-97,0.066191,0.008273,0.021388,-0.001817,-0.003377,1,1,0.071734,0.032005,-0.002145,0.010633
Jun-97,0.053635,0.024998,0.013879,-0.017351,0.011766,1,1,0.050996,0.047995,-0.043282,0.02038
Jul-97,0.018586,0.034866,0.02746,-0.007932,0.018217,1,1,0.065201,0.029932,0.050745,0.024741
Aug-97,-0.073439,-0.011304,-0.002277,0.005056,0.004616,1,1,-0.032028,-0.002011,0.013363,-0.004972
Sep-97,0.056363,0.037745,0.019814,-0.017471,0.005773,1,1,0.065809,0.079882,0.023876,0.02596
Oct-97,-0.075212,0.023872,0.000896,-0.002884,0.016277,1,1,-0.017247,-0.025481,0.016905,0.008042
Nov-97,-0.010951,0.01414,0.009553,-0.000115,0.039215,1,1,0.027729,0.016949,-0.084216,0.006997
Dec-97,0.009755,0.015863,0.008771,-0.01448,0.033422,1,1,0.000342,0.019687,-0.071358,0.011197
Jan-98,0.042862,0.020221,0.018014,-0.010474,-0.013304,1,1,0.024582,-0.004675,-0.016861,0.013281
Feb-98,0.065358,-0.007409,0.005853,0.002305,-0.00235,1,1,0.051316,-0.016971,-0.065717,-0.000361
Mar-98,0.033074,0.006942,0.009389,-0.005885,-0.002138,1,1,0.058954,0.016494,-0.012267,0.007859
Apr-98,0.007998,0.000383,0.003939,0.001021,0.007774,1,1,0.011075,-0.032148,-0.004039,0.004531
May-98,-0.00497,0.0208,0.003473,-0.003912,0.022201,1,1,-0.03582,-0.008478,-0.068778,0.014056
Jun-98,0.005538,0.019922,0.003596,-0.008166,0.002697,1,1,0.050046,-0.006237,-0.030119,0.007147
Jul-98,0.006763,-0.003976,0.005691,0.003589,0.016298,1,-1,-0.040936,-0.065551,-0.092217,-0.001952
Aug-98,-0.127485,0.041625,-0.057952,-0.02403,-0.011732,1,-1,-0.119207,-0.103474,-0.026712,0.004132
Sep-98,-0.028294,0.050504,0.008968,-0.014259,-0.026487,1,1,-0.003115,0.063476,0.06218,0.045609
Oct-98,0.104403,-0.025451,-0.021948,0.011271,-0.000124,1,1,0.125694,-0.027235,-0.029296,-0.025026
Nov-98,0.050918,0.009565,0.042666,-0.003178,-0.006564,1,1,0.056447,0.018204,-0.122777,0.024273
Dec-98,0.038616,-0.003444,-0.000015,-0.005849,0.001766,1,1,0.055474,-0.030126,-0.014771,-0.000033
Jan-99,0.000424,-0.00125,0.014128,0.010748,0.01335,1,1,0.033748,-0.019289,-0.008491,0.005194
Feb-99,-0.024922,-0.048018,-0.006808,0.017976,0.012313,1,1,-0.033984,-0.024325,-0.03116,-0.026787
Mar-99,0.041967,0.002063,0.011309,-0.0068,-0.005116,1,1,0.044598,-0.014482,0.157857,0.011738
Apr-99,0.043117,0.006297,0.019255,0.002222,-0.001456,1,1,0.053302,0.109037,0.05319,0.00564
May-99,-0.050291,-0.026707,-0.01469,0.022585,0.004963,1,1,-0.037764,0.016695,-0.072045,-0.02282
Jun-99,0.03933,-0.001896,-0.00113,-0.002097,0.000657,1,1,0.063318,-0.017781,0.074999,0.000432
Jul-99,0.02902,-0.002604,0.004188,-0.001341,-0.008982,1,1,-0.038878,-0.036372,0.053157,-0.004262
Aug-99,0.003071,-0.004607,-0.012068,0.001703,-0.005681,1,1,0.000256,-0.020875,0.055232,-0.002974
Sep-99,0.011025,-0.001864,-0.007743,0.001341,-0.004471,1,1,-0.034041,-0.040387,0.055287,0.006122
Oct-99,0.03886,0.007443,-0.004924,-0.002685,0.002332,1,1,0.060413,-0.016011,-0.039799,0.009063
Nov-99,0.035181,-0.005261,0.011519,0.007327,0.000448,1,1,0.043228,-0.024554,0.034791,0.001931
Dec-99,0.09215,-0.012958,0.011334,-0.002835,-0.001701,1,1,0.062036,0.020501,0.0337,-0.00438
Jan-00,-0.060581,0.019772,-0.003499,-0.00027,0.01258,1,1,-0.022553,0.018291,0.089183,-0.001161
Feb-00,0.028542,0.022985,0.000645,-0.003929,-0.000113,1,1,0.023766,-0.020461,0.078944,0.007933
Mar-00,0.041239,0.035912,-0.020559,0.009769,0.005634,1,1,0.032454,0.035848,-0.050421,0.009048
Apr-00,-0.051687,-0.009177,0.002162,0.01698,0.022017,1,1,-0.027287,0.0838,0.012628,-0.010934
May-00,-0.024032,0.00511,-0.0101,-0.00925,-0.010116,1,1,-0.02491,-0.005667,0.114209,0.003192
Jun-00,0.043455,0.01391,0.019632,0.000272,0.002484,1,1,0.029459,0.050156,0.056032,0.021615
Jul-00,-0.03803,0.021167,0.007524,-0.003772,0.006888,1,1,-0.027498,0.076568,-0.067227,0.015658
Aug-00,0.013265,0.021226,0.008838,-0.00748,0.011601,1,1,0.073563,-0.054656,0.147674,0.013822
Sep-00,-0.051609,-0.014359,-0.010597,0.006791,0.014569,-1,-1,-0.056317,0.012027,0.008019,0.003887
Oct-00,-0.027053,0.017594,-0.031677,0.000942,0.008148,-1,-1,-0.019061,-0.029495,-0.01191,0.002381
Nov-00,-0.040076,0.024205,-0.042732,-0.001388,-0.008228,-1,-1,-0.090909,0.020314,0.052762,0.007734
Dec-00,0.035246,0.029418,0.022265,-0.011388,-0.001164,-1,-1,0.012723,0.065939,0.004478,0.023853
1-Jan,0.004522,0.010971,0.077263,0.007872,0.005919,-1,-1,0.042714,0.014273,-0.018443,0.036949
1-Feb,-0.083441,0.013633,0.011456,0.006952,0.016306,-1,-1,-0.098313,-0.005577,-0.045112,0.007483
1-Mar,-0.072481,-0.011324,-0.023881,0.009156,0.007699,-1,-1,-0.082042,0.003716,-0.051187,0.003236
1-Apr,0.091289,-0.022476,-0.011104,0.015302,-0.000937,-1,-1,0.114119,0.027175,0.071187,-0.000319
1-May,-0.045019,0.003338,0.016649,0.00889,0.006547,-1,-1,0.001829,0.026344,-0.039319,0.009946
1-Jun,-0.031187,0.001832,-0.028077,-0.004157,0.003274,-1,-1,-0.01591,0.05353,-0.075702,0.001993
1-Jul,-0.017361,0.034965,0.015422,-0.006538,-0.016362,-1,-1,-0.018023,-0.010639,0.008642,0.028888
1-Aug,-0.047903,0.023142,0.011099,-0.013054,0.002717,-1,-1,-0.064777,0.02796,0.010486,0.014971
1-Sep,-0.094885,0.012533,-0.066887,-0.012325,0.006669,-1,-1,-0.094084,-0.04083,-0.115337,-0.000946
1-Oct,0.043176,0.050139,0.024822,-0.00341,0.004243,-1,-1,0.051609,-0.011561,-0.062312,0.025765
1-Nov,0.014861,-0.052687,0.036036,0.003997,0.000923,-1,-1,0.045744,0.031847,-0.026099,-0.010835
1-Dec,0.020027,-0.018355,-0.004078,-0.002067,0.011831,-1,-1,0.026362,0.032466,-0.022734,-0.007888
2-Jan,-0.052603,0.016721,0.007301,-0.003257,0.005758,-1,-1,-0.019193,0.004302,-0.006563,0.01084
2-Feb,0.02008,-0.002353,-0.014648,0.014447,-0.005595,-1,-1,0.008058,0.027687,0.0396,-0.000102
2-Mar,0.045756,-0.03078,0.024352,0.012261,-0.002896,-1,-1,0.020268,0.052475,0.129864,-0.015031
2-Apr,0.006824,0.04122,0.015831,0.000875,-0.012322,-1,-1,-0.040571,0.017289,-0.019523,0.012802
2-May,0.00929,-0.000216,-0.005319,0.012121,-0.011195,-1,-1,-0.042578,0.005709,-0.031508,0.0167
2-Jun,-0.038659,0.01952,-0.073895,-0.000729,-0.01379,-1,-1,-0.069449,0.017073,0.041084,0.00023
2-Jul,-0.125632,0.032378,-0.041356,-0.008698,0.011235,-1,-1,-0.084452,-0.055107,-0.01475,0.001472
2-Aug,0.015962,0.040085,0.026203,0.017134,0.006933,-1,-1,0.033607,0.016557,0.076938,0.023173
2-Sep,-0.094507,0.042193,-0.013465,0.003167,0.007751,-1,-1,-0.068834,-0.040862,0.053018,0.015978
2-Oct,0.048098,-0.02893,-0.007372,-0.017739,-0.010306,1,1,0.057949,-0.036435,-0.055149,-0.012496
2-Nov,0.046399,-0.01512,0.060853,0.006598,-0.005339,1,1,0.041784,0.046294,0.011229,0.019592
2-Dec,-0.029937,0.049236,0.013985,0.007944,-0.012003,1,1,-0.054938,0.002179,0.072413,0.033108
3-Jan,-0.024057,-0.010608,0.033287,0.010654,-0.001267,1,1,-0.021398,-0.032176,0.081421,0.004556
3-Feb,-0.024631,0.027453,0.012342,0.020213,-0.0039,1,1,-0.026968,0.022602,0.099802,0.022213
3-Mar,-0.019108,-0.006256,0.0312,-0.012083,-0.007922,1,1,0.029213,0.039013,-0.139183,0.000774
3-Apr,0.093187,0.010085,0.056982,-0.007576,-0.032825,1,1,0.069869,0.033467,-0.039819,0.022002
3-May,0.075782,0.05755,0.010178,0.018824,-0.005115,1,1,0.065306,0.05974,0.119641,0.034151
3-Jun,0.006538,-0.016561,0.028746,-0.002941,0.00981,1,1,0.018199,0.029406,-0.017773,-0.004002
3-Jul,0.019391,-0.089361,-0.015255,-0.00408,0.011502,1,1,0.005958,0.036524,0.041774,-0.043139
3-Aug,0.044851,0.01583,0.015889,0.012778,-0.010555,1,1,0.034913,0.011605,0.003567,0.006764
3-Sep,0.035317,0.051985,0.031137,0.002846,-0.020519,1,1,0.010542,0.040561,-0.038174,0.039005
3-Oct,0.042673,-0.032969,0.016435,0.020843,-0.001061,1,1,0.047988,0.026347,0.00693,-0.011681
3-Nov,0.037818,0.010536,0.0164,0.002452,-0.013591,1,1,0.016496,0.044195,0.042884,0.002613
3-Dec,0.0616,0.010734,0.021396,-0.002014,-0.015912,1,1,0.033016,0.021418,0.057438,0.015134
4-Jan,0.017141,0.012318,0.019091,0.003022,0.003898,1,1,0.02519,0.056922,0.028905,0.011267
4-Feb,0.03487,0.026011,-0.00056,0.011277,0.010151,1,1,0.022193,0.021017,0.064473,0.013146
4-Mar,0.003561,0.015527,0.005148,0.009389,0.007079,1,1,-0.014991,0.052105,-0.014574,0.007152
4-Apr,-0.03555,-0.060093,-0.007124,-0.019588,0.015772,1,1,-0.018368,-0.147349,0.067106,-0.030634
4-May,0.000859,-0.00131,-0.016757,0.023735,-0.009032,1,1,0.005881,0.043553,0.0754,-0.010585
4-Jun,0.026568,0.00967,0.01672,-0.008951,-0.00705,1,1,0.009567,0.041617,-0.06483,0.01028
4-Jul,-0.030655,0.006167,0.011037,0.002872,0.001508,1,1,-0.023427,0.015537,0.043534,0.010682
4-Aug,0.012392,0.047554,0.020967,0.005539,-0.003807,1,1,0.002426,0.059335,-0.007371,0.026019
4-Sep,0.034545,0.008596,0.013335,0.002958,-0.014224,1,1,0.028771,0.021817,0.10087,0.002677
4-Oct,0.028238,0.014581,0.019999,0.002019,-0.025644,1,1,0.001568,0.040305,0.012563,0.010557
4-Nov,0.067575,-0.022289,0.010224,0.008614,-0.010925,1,1,0.061326,0.054646,-0.070956,-0.008164
4-Dec,0.031212,0.016369,0.01466,0.007023,0.005214,1,1,0.010819,0.015122,-0.075006,0.015268
5-Jan,-0.012256,0.031668,0.000517,-0.007164,0.001838,1,1,-0.009487,-0.061148,0.074195,0.008568
5-Feb,0.041427,-0.012963,0.012159,0.004341,-0.005317,1,1,0.020629,0.026126,0.075081,-0.00688
5-Mar,-0.020341,-0.006687,-0.02718,0.001528,0.00844,1,1,-0.028874,-0.030663,0.100334,-0.011382
5-Apr,-0.026936,0.035829,-0.010991,0.003823,0.004506,1,1,-0.01115,0.046929,-0.100174,0.011499
5-May,0.00917,0.024687,0.023059,-0.010626,0.009604,1,1,0.042095,0.050531,0.021909,0.020672
5-Jun,0.006273,0.014802,0.01528,0.00787,0.004153,1,1,0.002164,0.042895,0.046889,-0.002535
5-Jul,0.043438,-0.026499,0.015452,-0.010532,-0.013026,1,1,0.039347,0.056013,0.042746,-0.007027
5-Aug,0.041842,0.029705,0.002922,0.004612,-0.001165,1,1,-0.009003,-0.036292,0.156904,0.017957
5-Sep,0.020982,-0.025931,-0.009921,0.012684,0.009538,1,1,0.006522,-0.003918,-0.026236,-0.016949
5-Oct,-0.022586,-0.02174,-0.006102,-0.004135,0.007131,1,1,-0.021291,-0.049744,-0.102394,-0.013012
5-Nov,0.030303,0.006572,0.005063,-0.002888,-0.006336,1,1,0.056751,0.07751,-0.012242,0.00551
5-Dec,0.039817,0.024889,0.007859,0.00099,-0.013013,1,1,-0.011636,-0.014034,0.005606,0.012284
6-Jan,0.061863,-0.011346,0.017204,0.004562,0.001627,1,1,0.036903,0.073696,0.023772,-0.004117
6-Feb,-0.001519,0.007561,0.005369,-0.00187,0.001436,1,1,0.00786,0.017325,-0.078214,0.004117
6-Mar,0.040431,-0.034215,0.006065,-0.013147,-0.006979,1,1,0.009749,0.023981,0.051538,-0.012524
6-Apr,0.04451,-0.019308,0.006732,0.006242,-0.020227,1,1,0.006651,-0.025068,0.077551,-0.006862
6-May,-0.040916,0.000151,-0.000904,-0.000921,0.011637,1,1,-0.015772,0.003844,-0.033597,0.001834
6-Jun,0.001274,-0.000064,-0.003312,0.000136,-0.002675,1,1,-0.003681,0.042979,0.020533,0.000838
6-Jul,-0.002936,0.027069,0.010762,0.00369,-0.006419,1,1,-0.014345,0.013063,0.01854,0.016067
6-Aug,0.040795,0.027604,0.016389,0.002235,0.002276,1,1,0.034399,0.032449,-0.086539,0.020102
6-Sep,0.002307,0.015681,0.013029,-0.007023,0.002818,1,1,0.012577,0.024077,-0.110175,0.011649
6-Oct,0.035637,0.007772,0.015797,-0.009236,-0.008297,1,1,0.031789,0.055172,-0.006891,0.011903
6-Nov,0.026507,0.019715,0.016574,0.002262,-0.00747,1,1,0.028566,0.051649,0.051636,0.014803
6-Dec,0.029393,-0.021779,0.009027,-0.013111,0.009137,1,1,0.014481,-0.009938,-0.068822,-0.012073
7-Jan,0.019394,-0.007748,0.012491,0.003551,-0.003323,1,1,0.025029,0.082742,-0.033485,-0.000296
7-Feb,-0.014014,0.030115,0.011031,0.004253,-0.004896,1,1,-0.024227,-0.04123,0.054589,0.022161
7-Mar,0.038183,-0.009464,0.002666,0.003049,-0.012606,1,1,0.016618,-0.008704,0.030481,-0.005926
7-Apr,0.038663,0.00609,0.012996,0.00216,-0.008563,1,1,0.039423,-0.014386,-0.008351,0.007311
7-May,0.035343,-0.024377,0.00707,-0.001762,-0.002414,1,1,0.038668,0.009038,0.002524,-0.013763
7-Jun,0.002203,-0.002871,-0.017567,-0.003904,-0.012572,1,1,-0.009441,-0.067682,0.0274,-0.001566
7-Jul,-0.037721,0.027568,-0.036669,0.005719,0.005346,1,1,-0.039381,-0.104881,0.034798,0.0024
7-Aug,0.004195,0.018244,0.014965,-0.006473,-0.013275,1,1,0.008424,0.048189,-0.028829,0.008692
7-Sep,0.062109,0.006275,0.026794,0.007225,-0.020199,1,1,0.050306,0.062661,0.0917,0.009271
7-Oct,0.027193,0.022507,0.003231,-0.002105,-0.014453,1,1,-0.021209,-0.049026,0.097828,0.017499
7-Nov,-0.032496,0.033918,-0.019587,0.01522,0.008602,-1,-1,-0.024377,-0.05695,-0.02755,0.000654
7-Dec,-0.015614,-0.004152,0.002913,-0.002376,-0.008053,-1,-1,-0.00037,-0.036913,0.055841,0.001681
8-Jan,-0.075516,0.031159,-0.011846,0.010377,-0.008571,-1,-1,-0.047213,0.035037,-0.021254,0.014746
8-Feb,-0.015669,-0.000201,-0.015138,0.004767,-0.019754,-1,-1,-0.043723,-0.070368,0.145859,-0.002687
8-Mar,0.013101,-0.000306,-0.001613,-0.008196,-0.003887,-1,-1,0.027027,0.092426,-0.029169,-0.018829
8-Apr,0.041514,-0.008083,0.043936,-0.000033,0.003451,-1,-1,0.031856,0.030793,0.075353,0.017559
8-May,0.019735,-0.022739,0.000964,0.012044,0.002137,-1,-1,-0.005369,-0.033794,0.113951,-0.012429
8-Jun,-0.089184,0.016659,-0.032489,0.009169,-0.007121,-1,-1,-0.069597,-0.094657,0.092273,-0.008705
8-Jul,-0.035145,0.003801,-0.013524,-0.009134,0.026124,-1,-1,-0.016162,0.026166,-0.125988,-0.003839
8-Aug,-0.036243,0.02151,0.008403,-0.006624,0.024033,-1,-1,0.020219,0.01873,-0.073892,0.005412
8-Sep,-0.125042,0.012157,-0.086849,-0.047232,0.066819,-1,-1,-0.09744,-0.024801,-0.137095,-0.083405
8-Oct,-0.204945,-0.039976,-0.152554,-0.083037,0.024725,-1,-1,-0.173147,-0.312202,-0.295256,-0.068198
8-Nov,-0.111894,0.154699,-0.094547,-0.044064,-0.010747,-1,-1,-0.162932,-0.337308,-0.17563,0.053776
8-Dec,0.108032,0.062876,0.078526,0.011745,0.006038,-1,-1,0.120291,0.422866,-0.074309,0.062639
9-Jan,-0.114021,-0.088004,0.059937,0.04738,0.025223,-1,-1,-0.080826,-0.148119,-0.113704,0.004838
9-Feb,-0.126883,-0.009799,-0.031025,-0.01425,0.004337,-1,-1,-0.148267,-0.268897,-0.097275,-0.020985
9-Mar,0.14061,0.056939,0.030141,0.039289,-0.024766,1,1,0.160889,0.117361,0.097293,-0.002639
9-Apr,0.116204,-0.064163,0.12695,-0.007448,-0.028712,1,1,0.092502,0.242674,0.044771,0.033579
9-May,0.153733,-0.049603,0.071,0.036183,-0.012777,1,1,0.076946,0.100732,0.195285,0.036334
9-Jun,-0.020112,0.032394,0.024421,0.002935,-0.003737,1,1,-0.017931,-0.048288,-0.030868,0.035817
9-Jul,0.104658,0.008512,0.057767,-0.000016,-0.011953,1,1,0.089045,0.107184,0.040092,0.045979
9-Aug,0.009507,0.019537,0.018613,0.000534,-0.007523,1,1,-0.003869,0.049355,-0.076476,0.01973
9-Sep,0.036019,0.031632,0.055206,0.011495,-0.014236,1,1,0.036251,0.071343,0.018791,0.023023
9-Oct,0.002538,-0.026172,0.019664,0.01394,-0.004734,1,1,0.007496,-0.002572,0.080492,0.002933
9-Nov,0.053357,0.008075,0.011692,0.015032,0.004445,1,1,0.06374,0.076833,0.011743,0.011396
9-Dec,-0.010726,-0.047837,0.03115,0.002726,0.002741,1,1,0.013989,0.052289,-0.001589,-0.004595
10-Jan,-0.04331,0.019352,0.011714,0.003164,0.014943,1,1,-0.020694,-0.030858,-0.065517,0.01323
10-Feb,-0.001693,0.005929,0.005023,-0.017309,-0.008558,1,1,0.030993,0.041503,0.030896,0.007391
10-Mar,0.074917,-0.017784,0.029629,0.008591,-0.004972,1,1,0.058301,0.090172,0.043425,0.002514
10-Apr,-0.031781,0.030475,0.022757,0.013738,0.027682,1,1,0.027329,0.095656,0.019023,0.020166
10-May,-0.104586,0.044723,-0.037236,-0.017831,0.005448,1,1,-0.108923,-0.100622,-0.149272,-0.005562
10-Jun,-0.019926,0.050152,0.013099,-0.006604,-0.015573,1,1,-0.040903,-0.028268,-0.003629,0.024059
10-Jul,0.129544,-0.004615,0.036293,-0.001849,-0.007756,1,1,0.097059,0.126315,0.105139,0.018779
10-Aug,-0.028893,0.049738,0.002481,-0.002265,-0.009768,1,1,-0.038427,-0.014272,-0.058114,0.014842
10-Sep,0.071083,-0.002931,0.030319,0.009186,-0.025954,1,1,0.065753,0.018637,0.070389,0.012778
10-Oct,0.032295,-0.031669,0.023878,0.026935,0.00285,1,1,0.034881,0.047736,0.028546,0.001416
10-Nov,-0.026195,-0.030204,-0.009912,-0.011527,0.006621,1,1,0.026122,-0.014367,0.031531,-0.017481
10-Dec,0.063609,-0.017641,0.015903,0.001102,-0.011556,1,1,0.058715,0.056494,0.066113,-0.000252
11-Jan,0.038032,-0.027835,0.023391,0.004689,-0.007618,1,1,0.026566,0.022736,0.026874,-0.000428
11-Feb,0.019256,0.017941,0.0133,0.010291,-0.009563,1,1,0.002078,0.011293,0.05452,0.01167
11-Mar,-0.01452,0.00238,0.003684,0.011425,-0.01656,1,1,0.025071,0.014928,0.034764,-0.001476
11-Apr,0.057297,0.016338,0.013534,0.009825,-0.000397,1,1,0.020964,0.046797,0.029729,0.017339
11-May,-0.039443,0.045063,0.005529,-0.010934,-0.000264,-1,-1,-0.03188,-0.019,-0.077536,0.019801
11-Jun,-0.004277,-0.032211,-0.008941,0.010151,-0.006852,-1,-1,0.020465,0.018549,-0.045047,-0.014661
11-Jul,-0.029993,0.055704,0.010422,0.021218,0.005701,-1,-1,-0.039745,-0.024496,0.028334,0.031937
11-Aug,-0.07711,0.092651,-0.037045,-0.014219,0.029873,-1,-1,-0.06797,-0.058073,-0.021869,0.001708
11-Sep,-0.120219,0.085461,-0.035966,-0.024878,0.009225,-1,-1,-0.094113,-0.131199,-0.124085,-0.002696
11-Oct,0.076465,-0.009156,0.051376,0.031145,0.006408,1,1,0.117158,0.148804,0.096833,0.025005
11-Nov,-0.002049,-0.013458,-0.010092,-0.004295,0.009415,1,1,0.023752,-0.011152,0.018495,-0.028597
11-Dec,-0.006283,0.04232,0.022927,-0.008145,-0.006197,1,1,0.011797,0.057262,-0.015721,0.024597
12-Jan,0.066572,-0.012613,0.032289,0.020964,-0.017339,1,1,0.060435,0.073675,0.022458,0.020947
12-Feb,0.039079,-0.019823,0.022561,-0.000618,0.006063,1,1,0.037933,-0.009799,0.0751,0.008258
12-Mar,0.002436,-0.027272,-0.002103,0.001237,0.003226,1,1,0.032309,0.045864,-0.020415,-0.007393
12-Apr,-0.028465,0.035441,0.01305,0.006601,0.017396,1,1,-0.009749,0.028547,-0.017843,0.012068
12-May,-0.125669,0.106814,-0.020592,-0.000584,0.014314,1,1,-0.089983,-0.070001,-0.155353,0.01419
12-Jun,0.088882,-0.034534,0.026349,-0.002334,-0.004723,1,1,0.070412,0.096638,0.034976,-0.000032
12-Jul,0.006649,0.02717,0.020577,0.009712,-0.008662,1,1,0.00266,0.008128,0.070376,0.027729
12-Aug,0.032194,-0.004841,0.010165,-0.002295,-0.015646,1,1,0.02847,0.008833,0.060667,0.004597
12-Sep,0.037395,-0.018357,0.015273,0.009325,-0.002817,1,1,0.028198,-0.014942,-0.012368,0.008801
12-Oct,0.00417,-0.009888,0.008633,0.008794,0.006378,1,1,-0.008361,0.004423,-0.040774,0.009401
12-Nov,0.018237,0.020562,0.006807,0.000069,-0.005775,1,1,-0.009275,-0.004804,0.014132,0.000864
12-Dec,0.026949,-0.019681,0.015756,-0.002429,-0.000868,1,1,0.016511,0.028587,-0.007606,-0.000665
13-Jan,0.055687,-0.041678,0.013875,-0.00062,0.008148,1,1,0.064635,0.049398,0.049273,-0.011164
13-Feb,-0.023169,0.024127,0.00478,-0.001553,0.008706,1,1,0.005033,0.01085,-0.057204,0.011047
13-Mar,0.011736,-0.001121,0.010501,0.001375,-0.003589,1,1,0.030986,0.030573,0.0134,0.000448
13-Apr,0.048162,0.043792,0.019955,-0.003887,0.004311,1,1,0.01184,0.046967,-0.064937,0.0207
13-May,-0.023535,-0.071252,-0.008096,-0.024674,0.00806,1,1,0.039604,-0.053977,0.018295,-0.027298
13-Jun,-0.022487,-0.029361,-0.02483,-0.024683,0.005467,1,1,-0.0114,-0.030297,-0.001446,-0.027634
13-Jul,0.052875,-0.041411,0.017227,0.007166,-0.001167,1,1,0.061305,0.004873,0.054354,0.000099
13-Aug,-0.009472,0.014122,-0.005808,-0.009612,-0.002088,1,1,-0.041535,-0.058239,0.020761,0.000019
13-Sep,0.061787,-0.002566,0.01081,0.007963,-0.010036,1,1,0.044913,0.049865,-0.038356,0.0063
13-Oct,0.019221,0.00803,0.024185,-0.003883,0.008862,1,1,0.036391,0.031454,-0.02624,0.012284
13-Nov,0.009774,-0.015135,0.005053,-0.003247,0.001824,1,1,0.023188,-0.054979,0.014428,0.001985
13-Dec,0.021909,-0.019563,0.005397,-0.005955,0.009267,1,1,0.029008,0.014987,0.013694,-0.001704
14-Jan,-0.049006,0.057003,0.007011,0.006693,0.002437,1,1,-0.05487,0.015713,-0.021333,0.018909
14-Feb,0.046232,0.008488,0.020231,0.001901,-0.000814,1,1,0.064581,0.0655,0.067488,0.010841
14-Mar,0.017895,0.000004,0.00305,-0.002866,-0.00377,1,1,0.022264,0.007657,-0.026827,-0.000785
14-Apr,0.015678,0.036594,0.006042,0.011474,-0.003164,1,1,-0.005873,0.029376,0.013928,0.017465
14-May,0.015413,0.020175,0.008801,0.009659,0.001472,1,1,0.022277,0.024267,0.002441,0.010764
14-Jun,0.019006,-0.011597,0.008643,0.002279,-0.00237,1,1,0.030821,0.013135,0.021638,-0.002212
14-Jul,-0.031476,0.018786,-0.018888,0.003014,0.008966,1,1,-0.028148,-0.006735,-0.058104,0.004053
14-Aug,0.008299,0.038387,0.021305,-0.005085,0.015053,1,1,0.043745,0.035689,-0.009703,0.01339
14-Sep,-0.048614,-0.00266,-0.019289,-0.016933,0.012874,1,1,-0.033391,-0.05539,-0.062227,-0.007792
14-Oct,-0.019297,0.011297,0.010194,-0.003781,0.016922,1,1,0.041572,0.093608,-0.064498,0.003308
14-Nov,0.021751,0.022566,-0.014062,-0.005693,0.024115,1,1,0.016468,0.012604,-0.08271,0.004095
14-Dec,-0.029958,0.035465,-0.007707,-0.012414,0.021519,1,1,0.007651,0.014302,-0.155282,0.003538
15-Jan,0.002981,0.088439,0.006607,0.00586,0.012876,1,1,-0.015855,0.054097,-0.059164,0.031557
15-Feb,0.049694,-0.055251,0.024104,0.003293,0.018271,1,1,0.050828,-0.019236,0.026451,-0.010528
15-Mar,-0.010973,0.02368,-0.005248,-0.006037,-0.010104,1,1,-0.020838,0.006205,-0.025507,0.00814
15-Apr,0.040044,-0.05595,0.012026,0.006568,-0.007679,1,1,0.018966,-0.040538,0.078846,-0.017115
15-May,-0.009131,-0.020765,0.002542,-0.008381,0.007707,1,1,0.005086,0.002632,-0.017373,-0.009787
15-Jun,-0.018181,-0.037048,-0.012498,0.001528,0.017284,1,1,-0.013243,-0.039644,-0.018004,-0.015107
15-Jul,0.007697,0.051836,-0.007923,-0.005629,0.018674,1,1,0.007747,0.039278,-0.147469,0.011177
15-Aug,-0.093336,0.000205,-0.018571,-0.011641,0.007606,1,1,-0.083911,-0.078913,-0.015768,-0.005264
15-Sep,-0.020377,0.019278,-0.026886,-0.007092,-0.008719,1,1,0.003427,0.042418,-0.027453,0.007008
15-Oct,0.064349,-0.00925,0.029611,0.002252,0.015185,1,1,0.092108,0.079243,0.001611,0.004193
15-Nov,-0.004573,0.004317,-0.019977,0.003207,0.010149,1,1,0.001941,-0.010844,-0.078084,0.002581
15-Dec,-0.025108,-0.012637,-0.027426,-0.0064,0.021798,1,1,-0.029494,-0.000828,-0.090491,-0.012915
16-Jan,-0.061896,0.045892,-0.017918,-0.007631,-0.00825,1,1,-0.055124,-0.033953,-0.076118,0.000116
16-Feb,-0.011061,0.01813,0.016537,0.006144,-0.020322,1,1,0.023712,0.021567,0.009421,0.007615
16-Mar,0.036116,0.015874,0.035171,0.013954,-0.016114,1,1,0.051944,0.072566,0.022858,0.03285
16-Apr,0.051411,-0.005294,0.039249,0.00474,0.010611,1,1,0.00872,-0.002171,0.109346,0.014696
16-May,-0.010807,0.009593,0.004128,-0.007978,0.003649,1,1,0.011779,0.009775,0.039373,-0.001577
16-Jun,-0.018297,0.07234,0.01523,0.003309,0.006859,1,1,0.003738,0.066622,0.005294,0.028376
16-Jul,0.037188,0.00326,0.022939,-0.002418,-0.009273,1,1,0.03522,0.041594,-0.11989,0.007354
16-Aug,0.010802,-0.001221,0.020563,0.003946,0.007811,1,1,0.004009,-0.038314,0.020075,0.005421
16-Sep,0.007593,-0.016875,0.007099,0.007518,0.009304,1,1,-0.002355,-0.028512,0.067589,-0.002329
16-Oct,-0.020021,-0.037464,-0.001144,0.006614,0.023735,1,1,-0.024218,-0.054193,-0.024027,-0.008301
16-Nov,-0.0145,-0.090081,0.000178,0.009099,0.015732,1,1,0.049532,-0.01357,0.048825,-0.031981
16-Dec,0.034377,0.0081,0.018519,-0.001785,-0.001325,1,1,0.024148,0.058115,0.026598,0.011132
17-Jan,0.028057,-0.000598,0.015519,0.006465,-0.01409,1,1,0.0181,-0.0088,0.00051,0.001784
17-Feb,0.015076,0.001665,0.015986,-0.001205,-0.004205,1,1,0.051317,0.050463,-0.00984,0.00706
17-Mar,0.018458,0.013096,-0.004614,0.000673,-0.007346,1,1,-0.015722,-0.00981,-0.047995,0.003802
17-Apr,0.028427,0.00581,0.011997,-0.003179,-0.003919,1,1,0.01523,0.010069,-0.017285,0.008314
17-May,0.03537,0.027476,0.009329,-0.004349,-0.013066,1,1,0.017014,-0.001752,-0.013798,0.013838
17-Jun,0.000023,0.006321,0.000279,-0.008262,-0.013684,1,1,0.002698,0.025728,-0.003772,0.004031
17-Jul,0.036043,0.002272,0.011805,0.002155,-0.010927,1,1,0.01812,0.004595,0.017437,0.010779
17-Aug,-0.003572,0.018053,-0.000505,0.001434,-0.009487,1,1,0.002555,0.003272,0.006427,0.002513
17-Sep,0.021013,-0.014149,0.008366,0.00123,0.017983,1,1,0.026364,-0.008289,0.018489,0.000538
17-Oct,0.017646,0.001088,0.0046,0.003749,0.001874,1,1,0.017553,0.001323,0.052222,0.004427
17-Nov,0.000536,0.018297,-0.002873,0.002982,-0.002643,1,1,0.0276,0.026818,0.026263,0.002506
17-Dec,0.024908,0.00413,0.002968,0.005284,-0.022828,1,1,0.012692,-0.002884,0.031379,0.005165
18-Jan,0.046916,-0.042973,0.005007,0.004419,0.003044,1,1,0.052478,-0.049256,0.042601,-0.012895
18-Feb,-0.060285,-0.012157,-0.009299,-0.001924,0.004592,1,1,-0.048248,-0.056119,-0.046203,-0.012403
18-Mar,-0.004075,0.022661,-0.004258,0.001808,0.000494,1,1,-0.031321,0.026595,0.009943,0.001168
18-Apr,0.018215,-0.026036,0.00545,0.005158,0.027778,1,1,0.029583,0.025344,0.057894,-0.013259
18-May,-0.008206,0.017547,0.001654,-0.002722,0.016414,1,1,0.03537,0.03287,0.015722,0.004987
18-Jun,-0.026838,0.012952,0.003131,0.004692,0.005149,1,1,-0.000469,0.03181,0.006325,-0.00179
18-Jul,0.035704,-0.022824,0.011215,-0.002079,0.010278,1,1,0.030346,0.016921,-0.035008,0.006016
18-Aug,-0.018291,0.023364,0.007074,0.000027,0.005631,1,1,0.035904,0.018466,0.026868,0.007723
18-Sep,0.010218,-0.035022,0.007495,-0.001682,0.001178,1,1,0.003224,-0.032415,0.060332,-0.004578